Year,"Header","Source","Url"
2000,"Покемон 3 смотреть онлайн, 2000","filmix.me/anime/11402-pokemon-3-pok233mon-3-the...","https://filmix.me/anime/11402-pokemon-3-pok233mon-3-the-movie-2001.html"
2000,"Pikachu's Winter Vacation 2001 (Video 2000) - IMDb","www.imdb.com/title/tt3457326","http://www.imdb.com/title/tt3457326/"
2000,"ПОКЕМОН 2000 смотреть онлайн бесплатно в хорошем качестве","multyasha.com/anime/1218-pokemon-2000-1999.html","http://multyasha.com/anime/1218-pokemon-2000-1999.html"
2000,"Пикачу — Википедия","ru.m.wikipedia.org/wiki/Пикачу","https://ru.m.wikipedia.org/wiki/%D0%9F%D0%B8%D0%BA%D0%B0%D1%87%D1%83"
2000,"Былибы у нас такие автаматы - YouTube","www.youtube.com/watch?v=coNA93HvABQ","https://www.youtube.com/watch?v=coNA93HvABQ"
2000,"Покемон 2000 Скачать Торент - trackerstream","kytracker.weebly.com/blog/pokemon-2000-skachatj-torent","http://kytracker.weebly.com/blog/pokemon-2000-skachatj-torent"
2000,"Купить пижаму Пикачу - pokemall.ru","pokemall.ru/product/pizhama-detskaya-pikachu","https://pokemall.ru/product/pizhama-detskaya-pikachu"
2000,"пикачу в нашей жизни - Любимые герои аниме","sites.google.com/site/lubimyegeroianime/cto...","https://sites.google.com/site/lubimyegeroianime/cto-takoe-anime-i-kak-ono-vozniklo/pikacu-v-nasej-zizni"
2000,"Шахматы - Пикачу - 405 games - InstantChess.com","www.instantchess.com/?EC=3&EXP=1&FindPlUID=...","https://www.instantchess.com/?EC=3&EXP=1&FindPlUID=3774237&SUH=1"
2000,"Pikachu - Wikipedia","en.wikipedia.org/wiki/Pikachu","https://en.wikipedia.org/wiki/Pikachu"
2000,"Райчу — Википедия","ru.m.wikipedia.org/wiki/Райчу","https://ru.m.wikipedia.org/wiki/%D0%A0%D0%B0%D0%B9%D1%87%D1%83"
2000,"List of generation I Pokemon - Wikipedia","en.wikipedia.org/wiki/Raichu","https://en.wikipedia.org/wiki/Raichu"
2000,"Пикачу — Википедия","ru.m.wikipedia.org/wiki/Пикачу","https://ru.m.wikipedia.org/wiki/%D0%9F%D0%B8%D0%BA%D0%B0%D1%87%D1%83"
2000,"Скачать игру пикачу 2003 на компьютер","www.led-garland.ru/article8933-skachat-igru-pikachu-2003...","http://www.led-garland.ru/article8933-skachat-igru-pikachu-2003-na-kompyuter.html"
2000,"Поляна - pokemonnnnn.rolka.su","pokemonnnnn.rolka.su/viewtopic.php?id=64","http://pokemonnnnn.rolka.su/viewtopic.php?id=64"
2000,"Пикачу - это... Что такое Пикачу?","dic.academic.ru","https://dic.academic.ru/dic.nsf/ruwiki/302746"
2000,"Райчу - это... Что такое Райчу?","dic.academic.ru","https://dic.academic.ru/dic.nsf/ruwiki/302747"
2000,"2-й сезон сериала Покемон (Pokemon), содержание серий ...","kino.mail.ru/series_829874_pokemon/seasons_2","https://kino.mail.ru/series_829874_pokemon/seasons_2/"
2000,"Родопски старини: June 2012 - rodopskistarini.com","www.rodopskistarini.com/2012/06","http://www.rodopskistarini.com/2012/06/"
2000,"Покемон (существо) | Pokemon Wiki | FANDOM powered by Wikia","ru.pokemon.wikia.com/wiki/Покемон_(существо)","http://ru.pokemon.wikia.com/wiki/%D0%9F%D0%BE%D0%BA%D0%B5%D0%BC%D0%BE%D0%BD_(%D1%81%D1%83%D1%89%D0%B5%D1%81%D1%82%D0%B2%D0%BE)"
2000,"Читать онлайн - Несвадба Йозеф. Голем-2000 | Электронная ...","e-libra.ru/read/119535-golem-2000.html","https://e-libra.ru/read/119535-golem-2000.html"
2000,"Несвадба Йозеф. Голем-2000 | Электронная библиотека e-libra.ru","e-libra.ru/books/119535-golem-2000.html","https://e-libra.ru/books/119535-golem-2000.html"
2000,"Голем-2000 - maxima-library.org","maxima-library.org/mob/b/412191","http://maxima-library.org/mob/b/412191"
2000,"Голем-2000 (fb2) | КулЛиб - Классная библиотека! Скачать ...","coollib.com/b/401700","https://coollib.com/b/401700"
2000,"Голем-2000 (fb2) | КулЛиб - Классная библиотека!","coollib.net/b/401700","https://coollib.net/b/401700"
2000,"Golem - Wikipedia","en.wikipedia.org/wiki/Golem","https://en.wikipedia.org/wiki/Golem"
2000,"Голем (2017) трейлер на Русском » KinoGB.club","kinogb.club","https://kinogb.club/7118/trailer/"
2000,"LOL! 1000 ГОЛЕМОВ И КОРОЛЬ ГОЛЕМ! ТЕСТИРУЕМ ЮНИТОВ, ИСПОЛЬЗУЯ ...","www.youtube.com/watch?v=FZ3hn9hXXIY","https://www.youtube.com/watch?v=FZ3hn9hXXIY"
2000,"Голем (2016) смотреть онлайн в хорошем качестве","ofx.xyz/yjasu/16963-golem-the-limehouse-golem...","https://ofx.xyz/yjasu/16963-golem-the-limehouse-golem-2016-hd.html"
2000,"Голем (2017) смотреть онлайн - kinogb.cc","kinogb.cc","https://kinogb.cc/7118/"
2001,"Pikachu's Winter Vacation 2001 (Video 2000) - IMDb","www.imdb.com/title/tt3457326","http://www.imdb.com/title/tt3457326/"
2001,"Покемон 1998-2001 смотреть онлайн Мультфильм 1, 2, 3, 4, 5, 6 ...","tvfru.org/smotret_besplatno/multfilmy_online/multserial/...","http://tvfru.org/smotret_besplatno/multfilmy_online/multserial/pokemon_1_2_3_4_5_sezon/43-1-0-3537"
2001,"Пикачу - YouTube","www.youtube.com/watch?v=xfGB7lkquH0","https://www.youtube.com/watch?v=xfGB7lkquH0"
2001,"Покемон 3 смотреть онлайн, 2000 - Filmix","filmix.me/anime/11402-pokemon-3-pok233mon-3-the...","https://filmix.me/anime/11402-pokemon-3-pok233mon-3-the-movie-2001.html"
2001,"Pikachu (Pokemon) - Bulbapedia, the community-driven Pokemon ...","bulbapedia.bulbagarden.net/wiki/Pikachu_(Pokemon)","https://bulbapedia.bulbagarden.net/wiki/Pikachu_(Pok%c3%a9mon)"
2001,"Захватывающие прятки Пикачу | смотреть онлайн","kin4ik.online/movie-id50519-zakhvatyvayushie-pryatki...","http://kin4ik.online/movie-id50519-zakhvatyvayushie-pryatki-pikachu-pocket-monster-pikachu-no-dokidoki-kakurenbo"
2001,"Покемон Poketto Monsuta 1997 Фильмы - kinomir.vip","kinomir.vip/movie/id408476-pokemon-poketto...","https://kinomir.vip/movie/id408476-pokemon-poketto-monsuta1997animemasamicu-khidaka"
2001,"Покемон 3 (2001) - смотреть мультфильмы онлайн бесплатно","tfilm.cc/9720-pokemon-3.html","https://tfilm.cc/9720-pokemon-3.html"
2001,"ПОКЕМОН: ЛЕТНИЕ КАНИКУЛЫ ПИКАЧУ смотреть онлайн бесплатно в ...","multyasha.com/anime/2219-pokemon-letnie-kanikuly-pikachu...","http://multyasha.com/anime/2219-pokemon-letnie-kanikuly-pikachu-1998.html"
2001,"Пикачу — Википедия","ru.m.wikipedia.org/wiki/Пикачу","https://ru.m.wikipedia.org/wiki/%D0%9F%D0%B8%D0%BA%D0%B0%D1%87%D1%83"
2001,"List of generation I Pokemon - Wikipedia","en.wikipedia.org/wiki/Raichu","https://en.wikipedia.org/wiki/Raichu"
2001,"Фильм Кочёвский район 85 лет - YouTube","www.youtube.com/watch?v=7F0FYT_FxKo","https://www.youtube.com/watch?v=7F0FYT_FxKo"
2001,"Пикачу - это... Что такое Пикачу?","dic.academic.ru","https://dic.academic.ru/dic.nsf/ruwiki/302746"
2001,"Список покемонов (1—51) — Википедия","ru.wikipedia.org/wiki/Список...","https://ru.wikipedia.org/wiki/%D0%A1%D0%BF%D0%B8%D1%81%D0%BE%D0%BA_%D0%BF%D0%BE%D0%BA%D0%B5%D0%BC%D0%BE%D0%BD%D0%BE%D0%B2_(1%E2%80%9451)"
2001,"Родопски старини: June 2012 - rodopskistarini.com","www.rodopskistarini.com/2012/06","http://www.rodopskistarini.com/2012/06/"
2001,"ПокеВики :: Русская Лига Покемонов","pokeliga.com/pokewiki.php","http://pokeliga.com/pokewiki.php"
2001,"Мультреалити — Википедия - wikipedia.org","www.wikipedia.org","https://www.wikipedia.org/search-redirect.php?family=wikipedia&language=ru&search=%D0%A1%D1%83%D0%BC%D0%B0%D1%81%D1%88%D0%B5%D0%B4%D1%88%D0%B8%D0%B5+%D0%B7%D0%B0+%D1%81%D1%82%D0%B5%D0%BA%D0%BB%D0%BE%D0%BC"
2001,"Пикачу — Википедия","ru.m.wikipedia.org/wiki/Пикачу","https://ru.m.wikipedia.org/wiki/%D0%9F%D0%B8%D0%BA%D0%B0%D1%87%D1%83"
2001,"Девачка Райчу - beon.ru","beon.ru/users/ZAQWSXCDE123","http://beon.ru/users/ZAQWSXCDE123/"
2001,"Покемон » Начало","pokemon-bg.com","http://pokemon-bg.com/"
2001,"Голем / V.O.T.E.R. Golem (2001) PC скачать торрент","rutorrent.co/483-golem-voter-golem-2001-pc.html","http://rutorrent.co/483-golem-voter-golem-2001-pc.html"
2001,"Golem - Wikipedia","en.wikipedia.org/wiki/Golem","https://en.wikipedia.org/wiki/Golem"
2001,"Лешочкиот херој Ѓокo Лазаревски - Голем херој во независна ...","www.youtube.com/watch?v=I3atQG0FuXM","https://www.youtube.com/watch?v=I3atQG0FuXM"
2001,"2001: Битката за Арачиново - 2001: Battle for Arachinovo ...","www.youtube.com/watch?v=_zvyeric4r4","https://www.youtube.com/watch?v=_zvyeric4r4"
2001,"V.O.T.E.R. Golem / Голем - getitdude.com","getitdude.com","http://getitdude.com/viewtopic.php?t=97564"
2001,"Голем смотреть онлайн | RuFilm - Сериалы и фильмы онлайн","rufilmtv.club/films/golem-smotret-onlayn.html","http://rufilmtv.club/films/golem-smotret-onlayn.html"
2001,"Голем - hdrezka.ag","hdrezka.ag/films/thriller/25704-golem-2016.html","http://hdrezka.ag/films/thriller/25704-golem-2016.html"
2001,"Голем (2016) смотреть онлайн в хорошем качестве","ofx.xyz/yjasu/16963-golem-the-limehouse-golem...","https://ofx.xyz/yjasu/16963-golem-the-limehouse-golem-2016-hd.html"
2001,"Голем 2016 - zerx.club","zerx.club/72212-golem-2017.html","http://zerx.club/72212-golem-2017.html"
2001,"Голем (2017) - filmtor.net","filmtor.net","http://filmtor.net/11530-golem-2017.html"
2002,"Привал Пикачу Лучшие фильмы 2002 для вас, Любимый жанр мультфильм","kinomir.ml/film/-819990-prival-pikachu-camp-pikachu","https://kinomir.ml/film/-819990-prival-pikachu-camp-pikachu"
2002,"Покемон 5: Герои смотреть онлайн, 2002","filmix.me/anime/108907-pokemon-5-geroi-latios-i...","https://filmix.me/anime/108907-pokemon-5-geroi-latios-i-latias.html"
2002,"Пикачу — Википедия","ru.m.wikipedia.org/wiki/Пикачу","https://ru.m.wikipedia.org/wiki/%D0%9F%D0%B8%D0%BA%D0%B0%D1%87%D1%83"
2002,"Покемон 5: Герои (2002) смотреть онлайн кинокрад - Аниме","kinokrad.su","http://kinokrad.su/92657-pokemon-5-geroi-2002.html"
2002,"Покемон (5 сезон) (2002) » The-Cinema.NET – лучший кинотеатр ...","the-cinema.net/cartoons-series/31875-pokemon-5-sezon.html","http://the-cinema.net/cartoons-series/31875-pokemon-5-sezon.html"
2002,"Покемон 5 сезон (2002) - tvserial-online.biz","tvserial-online.biz/multserialy/14051-pokemon-5-sezon...","http://tvserial-online.biz/multserialy/14051-pokemon-5-sezon-vse-serii-smotret-online-hd-720.html"
2002,"Покемон 5: Герои 2002 смотреть онлайн бесплатно","tushkan.club/news/pokemon_5_geroi_2002_smotret_film...","http://tushkan.club/news/pokemon_5_geroi_2002_smotret_film_onlayn/2015-11-23-26666"
2002,"Скин пикачу для Minecraft скачать бесплатно","skini-minecraft.com/310-pikachu.html","http://skini-minecraft.com/310-pikachu.html"
2002,"Пикачу - Ткани","gardenteks.ru/catalog/pikachu","https://gardenteks.ru/catalog/pikachu"
2002,"Шахматы - Пикачу - 405 games - InstantChess.com","www.instantchess.com/?EC=3&EXP=1&FindPlUID=...","https://www.instantchess.com/?EC=3&EXP=1&FindPlUID=3774237&SUH=1"
2002,"Пикачу — Википедия","ru.m.wikipedia.org/wiki/Пикачу","https://ru.m.wikipedia.org/wiki/%D0%9F%D0%B8%D0%BA%D0%B0%D1%87%D1%83"
2002,"3 канала - YouTube","www.youtube.com/watch?v=_rjllUdvY7c","https://www.youtube.com/watch?v=_rjllUdvY7c"
2002,"Инди — Lurkmore","lurkmore.to/Инди","http://lurkmore.to/%d0%98%d0%bd%d0%b4%d0%b8"
2002,"List of generation I Pokemon - Wikipedia","en.wikipedia.org/wiki/Raichu","https://en.wikipedia.org/wiki/Raichu"
2002,"Мультреалити — Википедия - wikipedia.org","www.wikipedia.org","https://www.wikipedia.org/search-redirect.php?family=wikipedia&language=ru&search=%D0%A1%D1%83%D0%BC%D0%B0%D1%81%D1%88%D0%B5%D0%B4%D1%88%D0%B8%D0%B5+%D0%B7%D0%B0+%D1%81%D1%82%D0%B5%D0%BA%D0%BB%D0%BE%D0%BC"
2002,"Список покемонов (1—51) — Википедия","ru.wikipedia.org/wiki/Список...","https://ru.wikipedia.org/wiki/%D0%A1%D0%BF%D0%B8%D1%81%D0%BE%D0%BA_%D0%BF%D0%BE%D0%BA%D0%B5%D0%BC%D0%BE%D0%BD%D0%BE%D0%B2_(1%E2%80%9451)"
2002,"Любими родопски песни в изпълнение на Радка Кушлева","www.rodopskistarini.com/2012/06/blog-post_20.html","http://www.rodopskistarini.com/2012/06/blog-post_20.html"
2002,"Карта сайта http://vudu10.uuuyandex.website/","vudu10.uuuyandex.website/sitemap.html","http://vudu10.uuuyandex.website/sitemap.html"
2002,"Пикачу - это... Что такое Пикачу?","dic.academic.ru","https://dic.academic.ru/dic.nsf/ruwiki/302746"
2002,"Родопски старини: June 2012 - rodopskistarini.com","www.rodopskistarini.com/2012/06","http://www.rodopskistarini.com/2012/06/"
2002,"Голем Папрадник — Википедија","mk.wikipedia.org/wiki/Голем_Папрадник","https://mk.wikipedia.org/wiki/%D0%93%D0%BE%D0%BB%D0%B5%D0%BC_%D0%9F%D0%B0%D0%BF%D1%80%D0%B0%D0%B4%D0%BD%D0%B8%D0%BA"
2002,"Golem - Wikipedia","en.wikipedia.org/wiki/Golem","https://en.wikipedia.org/wiki/Golem"
2002,"Голем 2016 - hdrezka.space","hdrezka.space","http://hdrezka.space/2017/09/10/golem.html"
2002,"Голем (2016) смотреть онлайн в хорошем качества HD 720p","kino-max.cc/4799-golem.html","http://kino-max.cc/4799-golem.html"
2002,"Голем (2016) смотреть онлайн в хорошем качестве","ofx.xyz/yjasu/16963-golem-the-limehouse-golem...","https://ofx.xyz/yjasu/16963-golem-the-limehouse-golem-2016-hd.html"
2002,"Golem | Magic: The Gathering Wiki | FANDOM powered by Wikia","mtg.wikia.com/wiki/Golem","http://mtg.wikia.com/wiki/Golem"
2002,"Неудержимые 2002 смотреть ... - w1.zona.plus","w1.zona.plus/movies/neuderzhimye","https://w1.zona.plus/movies/neuderzhimye"
2002,"Golem, russkai<U+FE20>a<U+FE21> versii<U+FE20>a<U+FE21> : roman, rasskazy, povest<U+02B9> (Book ...","www.worldcat.org/title/golem-russkaia-versiia-roman...","http://www.worldcat.org/title/golem-russkaia-versiia-roman-rasskazy-povest/oclc/50478817"
2002,"Голем смотреть онлайн | RuFilm - Сериалы и фильмы онлайн","rufilmtv.club/films/golem-smotret-onlayn.html","http://rufilmtv.club/films/golem-smotret-onlayn.html"
2002,"Голем (2017) смотреть онлайн бесплатно","kinogo.cc/7131-golem-2017.html","http://kinogo.cc/7131-golem-2017.html"
2003,"Скачать игру пикачу 2003 на компьютер","www.led-garland.ru/article8933-skachat-igru-pikachu-2003...","http://www.led-garland.ru/article8933-skachat-igru-pikachu-2003-na-kompyuter.html"
2003,"Пикачу 2003 APK 2,1 - бесплатные игры головоломки для андроид","www.androidappsgame.net/pikachu-2003/ru","http://www.androidappsgame.net/pikachu-2003/ru"
2003,"Скачать Оне Пикачу 2003 APK 1.0.2 для Андроид - другие ...","www.apkandroid.ru/onet-pikachu-2003/com.onetgame...","https://www.apkandroid.ru/onet-pikachu-2003/com.onetgame.pikachu2003.pokemoongame/"
2003,"Пикачу — Википедия","ru.m.wikipedia.org/wiki/Пикачу","https://ru.m.wikipedia.org/wiki/%D0%9F%D0%B8%D0%BA%D0%B0%D1%87%D1%83"
2003,"Приложения в Google Play – Pikachu Co Dien 2003","play.google.com/store/apps/details?id=ntmod...","https://play.google.com/store/apps/details?id=ntmod.pikachu.codien2003&hl=ru"
2003,"Скачать game пикачу классик на компьютер | persmicmamyt","persmicmamyt.wordpress.com/2015/03/26...","https://persmicmamyt.wordpress.com/2015/03/26/%d1%81%d0%ba%d0%b0%d1%87%d0%b0%d1%82%d1%8c-game-%d0%bf%d0%b8%d0%ba%d0%b0%d1%87%d1%83-%d0%ba%d0%bb%d0%b0%d1%81%d1%81%d0%b8%d0%ba-%d0%bd%d0%b0-%d0%ba%d0%be%d0%bc%d0%bf%d1%8c%d1%8e%d1%82%d0%b5%d1%80/"
2003,"Покемон (6 сезон) (2003) » The-Cinema.NET – лучший кинотеатр ...","the-cinema.net/cartoons-series/31888-pokemon-6-sezon.html","http://the-cinema.net/cartoons-series/31888-pokemon-6-sezon.html"
2003,"Скачать Pikachu2003: Покемоны возвращаются для , Аркады ...","all-for-nokia.com/nokia-games/6351-pikachu2003-pokemony...","http://all-for-nokia.com/nokia-games/6351-pikachu2003-pokemony-vozvraschayutsya.html"
2003,"пикачу в нашей жизни - Любимые герои аниме","sites.google.com/site/lubimyegeroianime/cto...","https://sites.google.com/site/lubimyegeroianime/cto-takoe-anime-i-kak-ono-vozniklo/pikacu-v-nasej-zizni"
2003,"Pikachu | Pokedex","www.pokemon.com/us/pokedex/pikachu","https://www.pokemon.com/us/pokedex/pikachu"
2003,"Скачать игру пикачу 2003 на компьютер","www.led-garland.ru/article8933-skachat-igru-pikachu-2003...","http://www.led-garland.ru/article8933-skachat-igru-pikachu-2003-na-kompyuter.html"
2003,"Пикачу — Википедия","ru.m.wikipedia.org/wiki/Пикачу","https://ru.m.wikipedia.org/wiki/%D0%9F%D0%B8%D0%BA%D0%B0%D1%87%D1%83"
2003,"Пикачу - это... Что такое Пикачу?","dic.academic.ru","https://dic.academic.ru/dic.nsf/ruwiki/302746"
2003,"Покемон го? Эволюция Пикачу в Районе? Все в этой серии ...","www.youtube.com/watch?v=d343R0XxF-o","https://www.youtube.com/watch?v=d343R0XxF-o"
2003,"Pokemon (коллекционная карточная игра) — Википедия","ru.wikipedia.org/wiki/Pokemon...","https://ru.wikipedia.org/wiki/Pok%C3%A9mon_(%D0%BA%D0%BE%D0%BB%D0%BB%D0%B5%D0%BA%D1%86%D0%B8%D0%BE%D0%BD%D0%BD%D0%B0%D1%8F_%D0%BA%D0%B0%D1%80%D1%82%D0%BE%D1%87%D0%BD%D0%B0%D1%8F_%D0%B8%D0%B3%D1%80%D0%B0)"
2003,"Български Фолклор и Традиции - Форум: Текстове на народни песни","www.bulgarian-folklore.com/forum/viewthread.php?thread...","http://www.bulgarian-folklore.com/forum/viewthread.php?thread_id=22&rowstart=40"
2003,"Покемон 5 сезон: Путь мастера - смотреть онлайн мультфильм ...","onlinemultfilmy.ru/pokemon-5-sezon-put-mastera","http://onlinemultfilmy.ru/pokemon-5-sezon-put-mastera/"
2003,"Родопски старини: June 2012 - rodopskistarini.com","www.rodopskistarini.com/2012/06","http://www.rodopskistarini.com/2012/06/"
2003,"Български Фолклор и Традиции","www.bulgarian-folklore.com/print.php?type=F&thread=22&...","http://www.bulgarian-folklore.com/print.php?type=F&thread=22&rowstart=40"
2003,"The Official Pokemon Website | Pokemon.com","www.pokemon.com/ru","https://www.pokemon.com/ru/"
2003,"Golem - Wikipedia","en.wikipedia.org/wiki/Golem","https://en.wikipedia.org/wiki/Golem"
2003,"Голем (2016) смотреть онлайн в хорошем качестве","ofx.xyz/yjasu/16963-golem-the-limehouse-golem...","https://ofx.xyz/yjasu/16963-golem-the-limehouse-golem-2016-hd.html"
2003,"Голем (2016) смотреть фильм онлайн в хорошем качестве","goodfilm.top/movies/1188-golem-smotret-online","http://goodfilm.top/movies/1188-golem-smotret-online/"
2003,"Голем смотреть онлайн | RuFilm - Сериалы и фильмы онлайн","rufilmtv.club/films/golem-smotret-onlayn.html","http://rufilmtv.club/films/golem-smotret-onlayn.html"
2003,"Голем смотреть онлайн, 1979 - Filmix","filmix.me/fantastika/19324-golem-golem-1980.html","https://filmix.me/fantastika/19324-golem-golem-1980.html"
2003,"Голем - hdrezka.ag","hdrezka.ag/films/thriller/25704-golem-2016.html","http://hdrezka.ag/films/thriller/25704-golem-2016.html"
2003,"Голем (2016) смотреть онлайн в хорошем качества HD 720p","kino-max.cc/4799-golem.html","http://kino-max.cc/4799-golem.html"
2003,"Фильм Голем 2017 смотреть онлайн полностью полный фильм в ...","smotret-filmi.online/1199-film-golem-2017.html","http://smotret-filmi.online/1199-film-golem-2017.html"
2003,"Голем (2017) - filmtor.net","filmtor.net","http://filmtor.net/11530-golem-2017.html"
2003,"Голем (2016) — КиноПоиск - kinopoisk.ru","www.kinopoisk.ru/film/golem-2016-916315","https://www.kinopoisk.ru/film/golem-2016-916315/"
2004,"Pikachu | Pokedex","www.pokemon.com/us/pokedex/pikachu","https://www.pokemon.com/us/pokedex/pikachu"
2004,"Game Pikachu - Choi game pikachu online mi<U+1EC5>n phi","gamepikachu.com","http://gamepikachu.com/"
2004,"Pikachu - Wikipedia","en.wikipedia.org/wiki/Pikachu","https://en.wikipedia.org/wiki/Pikachu"
2004,"Pikachu (Pokemon) - Bulbapedia, the community-driven Pokemon ...","bulbapedia.bulbagarden.net/wiki/Pikachu_(Pokemon)","https://bulbapedia.bulbagarden.net/wiki/Pikachu_(Pok%c3%a9mon)"
2004,"Pikachu - WikiDex, la enciclopedia Pokemon","www.wikidex.net/wiki/Pikachu","https://www.wikidex.net/wiki/Pikachu"
2004,"Покемон: Судьба Деоксиса 2004 смотреть онлайн бесплатно в ...","w1.zona.plus/movies/pokemon-sudba-deoksisa","https://w1.zona.plus/movies/pokemon-sudba-deoksisa"
2004,"Pikachu - YouTube","www.youtube.com/user/Macedonsun","https://www.youtube.com/user/Macedonsun"
2004,"пикачу в нашей жизни - Любимые герои аниме","sites.google.com/site/lubimyegeroianime/cto...","https://sites.google.com/site/lubimyegeroianime/cto-takoe-anime-i-kak-ono-vozniklo/pikacu-v-nasej-zizni"
2004,"Покемон: Судьба Деоксиса (2004) - tfilm.cc","tfilm.cc/30630-pokemon-sudba-deoksisa.html","https://tfilm.cc/30630-pokemon-sudba-deoksisa.html"
2004,"Раскраски Покемон Пикачу - Morning Kids!","www.morningkids.net/pokemon/25-ru-pokemon.php","http://www.morningkids.net/pokemon/25-ru-pokemon.php"
2004,"Раскраски Покемон Райчу - Morning Kids!","www.morningkids.net/pokemon/26-ru-pokemon.php","http://www.morningkids.net/pokemon/26-ru-pokemon.php"
2004,"Пикачу — Википедия","ru.m.wikipedia.org/wiki/Пикачу","https://ru.m.wikipedia.org/wiki/%D0%9F%D0%B8%D0%BA%D0%B0%D1%87%D1%83"
2004,"Эволюция в Райчу и Флареон ... - YouTube","www.youtube.com/watch?v=dL4shcL80r8","https://www.youtube.com/watch?v=dL4shcL80r8"
2004,"List of generation I Pokemon - Wikipedia","en.wikipedia.org/wiki/Raichu","https://en.wikipedia.org/wiki/Raichu"
2004,"Пикачу - это... Что такое Пикачу?","dic.academic.ru","https://dic.academic.ru/dic.nsf/ruwiki/302746"
2004,"Список персонажей фандома: Покемон","fanfics.me/fandom763?action=encyclopedia&soaction=heroes","http://fanfics.me/fandom763?action=encyclopedia&soaction=heroes"
2004,"Мультреалити — Википедия - wikipedia.org","www.wikipedia.org","https://www.wikipedia.org/search-redirect.php?family=wikipedia&language=ru&search=%D0%A1%D1%83%D0%BC%D0%B0%D1%81%D1%88%D0%B5%D0%B4%D1%88%D0%B8%D0%B5+%D0%B7%D0%B0+%D1%81%D1%82%D0%B5%D0%BA%D0%BB%D0%BE%D0%BC"
2004,"Список покемонов (1—51) — Википедия","ru.wikipedia.org/wiki/Список...","https://ru.wikipedia.org/wiki/%D0%A1%D0%BF%D0%B8%D1%81%D0%BE%D0%BA_%D0%BF%D0%BE%D0%BA%D0%B5%D0%BC%D0%BE%D0%BD%D0%BE%D0%B2_(1%E2%80%9451)"
2004,"Raichu (Pokemon) - Bulbapedia, the community-driven Pokemon ...","bulbapedia.bulbagarden.net/wiki/Raichu_(Pokemon)","https://bulbapedia.bulbagarden.net/wiki/Raichu_(Pok%C3%A9mon)"
2004,"БАТАРЕЯ | VK","vk.com/bataska","https://vk.com/bataska"
2004,"Сериал Ключи от бездны: Операция «Голем» (2004) - скачать ...","hd720.space","https://hd720.space/serialy-torrent/6338-klyuchi-ot-bezdny-operaciya-golem-2004.html"
2004,"Ключи от бездны (2004) - hdkinoteatr.com","www.hdkinoteatr.com/series/16591-klyuchi-ot-bezdny.html","http://www.hdkinoteatr.com/series/16591-klyuchi-ot-bezdny.html"
2004,"Ключи от бездны: Операция «Голем» (2004) 1 сезон смотреть ...","kinomatix.biz/95362-klyuchi-ot-bezdny-operaciya...","https://kinomatix.biz/95362-klyuchi-ot-bezdny-operaciya-golem-2004.html"
2004,"Ключи от бездны: Операция «Голем» (Сериал, 1 сезон ...","my-hit.org/serial/1194","https://my-hit.org/serial/1194/"
2004,"Ключи от бездны: Операция «Голем» (1 сезон) (2004) » The ...","the-cinema.net/otechestvennyy-serial/39062-klyuchi-ot...","http://the-cinema.net/otechestvennyy-serial/39062-klyuchi-ot-bezdny-operaciya-golem-1-sezon.html"
2004,"Сериал Ключи от бездны: Операция «Голем» 1 сезон (2004 ...","filmdays.ru","http://filmdays.ru/4443/serial-klyuchi-ot-bezdny-operaciya-golem-2004-1/"
2004,"Ключи от бездны: Операция «Голем» (2004)","hdrezka.ag/series/thriller/17870-klyuchi-ot-bezdny-opera...","http://hdrezka.ag/series/thriller/17870-klyuchi-ot-bezdny-operaciya-golem.html"
2004,"Ключи от бездны: Операция «Голем» (2004) смотреть онлайн в ...","kinoflux.org","http://kinoflux.org/16493-klyuchi-ot-bezdny-operaciya-golem-2004.html"
2004,"Ключи от бездны: Операция «Голем»","zfilm-hd.org/20288-klyuchi-ot-bezdny-operaciya...","https://zfilm-hd.org/20288-klyuchi-ot-bezdny-operaciya-golem.html"
2004,"Сериал Ключи от бездны (2004) смотреть онлайн все серии бесплатно","topserial.org","https://topserial.org/469-klyuchi-ot-bezdny-operaciya-golem-2004.html"
2005,"Game Pikachu - Choi game pikachu online mi<U+1EC5>n phi","gamepikachu.com","http://gamepikachu.com/"
2005,"Pikachu - Wikipedia","en.wikipedia.org/wiki/Pikachu","https://en.wikipedia.org/wiki/Pikachu"
2005,"Pikachu (Pokemon) - Bulbapedia, the community-driven Pokemon ...","bulbapedia.bulbagarden.net/wiki/Pikachu_(Pokemon)","https://bulbapedia.bulbagarden.net/wiki/Pikachu_(Pok%c3%a9mon)"
2005,"Покемон: Судьба Деоксиса 2004 смотреть онлайн бесплатно в ...","w1.zona.plus/movies/pokemon-sudba-deoksisa","https://w1.zona.plus/movies/pokemon-sudba-deoksisa"
2005,"О пикачу - my.auto.ru","my.auto.ru/review/2844551","https://my.auto.ru/review/2844551/"
2005,"Pikachu Pokedex: stats, moves, evolution, locations & other ...","www.pokemonpets.com/Pikachu-Pokemon-Pokedex-25","http://www.pokemonpets.com/Pikachu-Pokemon-Pokedex-25"
2005,"Пикачу Академия|Pikachu Academy's Videos | VK","vk.com/video-48394057_171411276","https://vk.com/video-48394057_171411276"
2005,"Best 25+ Pikachu drawing ideas on Pinterest | Pikachu chibi ...","www.pinterest.com/explore/pikachu-drawing","https://www.pinterest.com/explore/pikachu-drawing/"
2005,"Игры Пикачу Каваи 2005 - ja.sheeparcade.com","ja.sheeparcade.com/s/игры-пикачу-каваи-2005","http://ja.sheeparcade.com/s/%D0%B8%D0%B3%D1%80%D1%8B-%D0%BF%D0%B8%D0%BA%D0%B0%D1%87%D1%83-%D0%BA%D0%B0%D0%B2%D0%B0%D0%B8-2005/"
2005,"Pikachu's Winter Vacation 2001 (Video 2000) - IMDb","www.imdb.com/title/tt3457326","http://www.imdb.com/title/tt3457326/"
2005,"Ответы@Mail.Ru: Годом какого животного был 2005 год?","otvet.mail.ru/question/23836105","https://otvet.mail.ru/question/23836105"
2005,"Райчу - это... Что такое Райчу?","dic.academic.ru","https://dic.academic.ru/dic.nsf/ruwiki/302747"
2005,"Скачать игру пикачу 2003 на компьютер","www.led-garland.ru/article8933-skachat-igru-pikachu-2003...","http://www.led-garland.ru/article8933-skachat-igru-pikachu-2003-na-kompyuter.html"
2005,"Играй в мини-игры! | Pokemon.com","www.pokemon.com/ru/pokemon-online-games","https://www.pokemon.com/ru/pokemon-online-games/"
2005,"Мультреалити — Википедия - wikipedia.org","www.wikipedia.org","https://www.wikipedia.org/search-redirect.php?family=wikipedia&language=ru&search=%D0%A1%D1%83%D0%BC%D0%B0%D1%81%D1%88%D0%B5%D0%B4%D1%88%D0%B8%D0%B5+%D0%B7%D0%B0+%D1%81%D1%82%D0%B5%D0%BA%D0%BB%D0%BE%D0%BC"
2005,"The Official Pokemon Website | Pokemon.com","www.pokemon.com/ru","https://www.pokemon.com/ru/"
2005,"Gods - lands of infinity theme - YouTube","www.youtube.com/watch?v=PHaLfipgTFg","https://www.youtube.com/watch?v=PHaLfipgTFg"
2005,"Родопски старини: June 2012 - rodopskistarini.com","www.rodopskistarini.com/2012/06","http://www.rodopskistarini.com/2012/06/"
2005,"Райчу заезды » Онлайн игры для детей","smotrim.com/gonki/1139-raychu-zaezdy.html","http://smotrim.com/gonki/1139-raychu-zaezdy.html"
2005,"Список покемонов (1—51) — Википедия","ru.wikipedia.org/wiki/Список...","https://ru.wikipedia.org/wiki/%D0%A1%D0%BF%D0%B8%D1%81%D0%BE%D0%BA_%D0%BF%D0%BE%D0%BA%D0%B5%D0%BC%D0%BE%D0%BD%D0%BE%D0%B2_(1%E2%80%9451)"
2005,"Мифы человечества. Голем смотреть онлайн, 2005","filmix.me/dokumentalenye/94704-mify-chelovechest...","https://filmix.me/dokumentalenye/94704-mify-chelovechestva-golem-myths-of-mankind-the-golem-2005.html"
2005,"Фильм Мифы человечества. Голем (2005) смотреть онлайн бесплатно","onfilmz.net/films/mify_chelovechestva_golem_2005/2011-09...","http://onfilmz.net/films/mify_chelovechestva_golem_2005/2011-09-18-10964"
2005,"<U+049A>АЗА<U+049A>ША МАЙНКРАФТ ЖЕЛЕЗНЫЙ ГОЛЕМ Ж<U+018F>НЕ СНЕГОВИК ЖАСАУ - YouTube","www.youtube.com/watch?v=s2RBADG_6_E","https://www.youtube.com/watch?v=s2RBADG_6_E"
2005,"Голем, a song by Мельница on Spotify","open.spotify.com/track/5Zr5DJS2ROURRMUASYEsDz","https://open.spotify.com/track/5Zr5DJS2ROURRMUASYEsDz"
2005,"Јованче и Марика - YouTube","www.youtube.com/watch?v=qUxSfiBwmKM","https://www.youtube.com/watch?v=qUxSfiBwmKM"
2005,"Голем (2016) смотреть онлайн в хорошем качества HD 720p","kino-max.cc/4799-golem.html","http://kino-max.cc/4799-golem.html"
2005,"Голем смотреть онлайн | RuFilm - Сериалы и фильмы онлайн","rufilmtv.club/films/golem-smotret-onlayn.html","http://rufilmtv.club/films/golem-smotret-onlayn.html"
2005,"Голем фильм 2016 смотреть онлайн","hdrezke.net","http://hdrezke.net/trillery/2894-golem-02-03-2018.html"
2005,"Голем (2016) смотреть онлайн в хорошем качестве","ofx.xyz/yjasu/16963-golem-the-limehouse-golem...","https://ofx.xyz/yjasu/16963-golem-the-limehouse-golem-2016-hd.html"
2005,"Голем (2017) - filmtor.net","filmtor.net","http://filmtor.net/11530-golem-2017.html"
2006,"Pikachu (Pokemon) - Bulbapedia, the community-driven Pokemon ...","bulbapedia.bulbagarden.net/wiki/Pikachu_(Pokemon)","https://bulbapedia.bulbagarden.net/wiki/Pikachu_(Pok%c3%a9mon)"
2006,"Pikachu Pokedex: stats, moves, evolution, locations & other ...","www.pokemonpets.com/Pikachu-Pokemon-Pokedex-25","http://www.pokemonpets.com/Pikachu-Pokemon-Pokedex-25"
2006,"Покемон: Я выбираю тебя! , Pokemon: Kimi ni Kimeta! , Pokemon ...","anistar.me/6520-gekijouban-pocket-monsters-kimi...","https://anistar.me/6520-gekijouban-pocket-monsters-kimi-ni-kimeta-pokemon-the-movie-20-i-choose-you-pokemon-ya-vybirayu-tebya.html"
2006,"Шахматы - Пикачу - 405 games - InstantChess.com","www.instantchess.com/?EC=3&EXP=1&FindPlUID=...","https://www.instantchess.com/?EC=3&EXP=1&FindPlUID=3774237&SUH=1"
2006,"Pikachu - Wikipedia","en.wikipedia.org/wiki/Pikachu","https://en.wikipedia.org/wiki/Pikachu"
2006,"Покемон 9 сезон (2006) - tvserial-online.biz","tvserial-online.biz/multserialy/14055-pokemon-9-sezon...","http://tvserial-online.biz/multserialy/14055-pokemon-9-sezon-vse-serii-smotret-online-hd-720.html"
2006,"Game Pikachu - Choi game pikachu online mi<U+1EC5>n phi","gamepikachu.com","http://gamepikachu.com/"
2006,"ОГРОМНЫЙ ПИКАЧУ В РОБЛОКС ПО РУССКИ веселые приключения мульт ...","www.youtube.com/watch?v=v_shu3in3rU","https://www.youtube.com/watch?v=v_shu3in3rU"
2006,"Смотреть аниме Покемон онлайн в хорошем качестве 720p","hdrezka.ag/animation/adventures/18291-pokemon-1997.html","http://hdrezka.ag/animation/adventures/18291-pokemon-1997.html"
2006,"Пикачу Обои Пикачу HD Обои and background фото (23385692)","ru.fanpop.com/clubs/pikachu/images/23385692/title/...","http://ru.fanpop.com/clubs/pikachu/images/23385692/title/pikachu-photo"
2006,"List of generation I Pokemon - Wikipedia","en.wikipedia.org/wiki/Raichu","https://en.wikipedia.org/wiki/Raichu"
2006,"СВАЛКА! СВАЛКО! - svalko.org","svalko.org/51485.html","https://svalko.org/51485.html"
2006,"Pokemon battle revolution - Pikachu vs Raichu - YouTube","www.youtube.com/watch?v=9zXzoeFi-ys","https://www.youtube.com/watch?v=9zXzoeFi-ys"
2006,"Ivan Alexandriysky | VK","vk.com/ivangamesoft","https://vk.com/ivangamesoft"
2006,"Покемоны – играть онлайн бесплатно!","multoigri.ru/igri-pokemoni","http://multoigri.ru/igri-pokemoni"
2006,"Български Фолклор и Традиции - Форум: Текстове на народни песни","www.bulgarian-folklore.com/forum/viewthread.php?thread...","http://www.bulgarian-folklore.com/forum/viewthread.php?thread_id=22&rowstart=40"
2006,"Родопски старини: June 2012 - rodopskistarini.com","www.rodopskistarini.com/2012/06","http://www.rodopskistarini.com/2012/06/"
2006,"raichu avatar Pictures [p. 1 of 250] | Blingee.com","blingee.com/pictures/raichu-avatar","http://blingee.com/pictures/raichu-avatar"
2006,"Български Фолклор и Традиции","www.bulgarian-folklore.com/print.php?type=F&thread=22&...","http://www.bulgarian-folklore.com/print.php?type=F&thread=22&rowstart=40"
2006,"Raichuu - Character - AniDB","anidb.net/ch160","https://anidb.net/ch160"
2006,"Golem - Wikipedia","en.wikipedia.org/wiki/Golem","https://en.wikipedia.org/wiki/Golem"
2006,"Голем (2016) смотреть онлайн в хорошем качества HD 720p","kino-max.cc/4799-golem.html","http://kino-max.cc/4799-golem.html"
2006,"Голем (2016) смотреть онлайн в хорошем качестве","ofx.xyz/yjasu/16963-golem-the-limehouse-golem...","https://ofx.xyz/yjasu/16963-golem-the-limehouse-golem-2016-hd.html"
2006,"MagicGateBg • View topic - Голем","www.magicgatebg.com/forum/viewtopic.php?t=1830","http://www.magicgatebg.com/forum/viewtopic.php?t=1830"
2006,"Јованче и Марика - YouTube","www.youtube.com/watch?v=qUxSfiBwmKM","https://www.youtube.com/watch?v=qUxSfiBwmKM"
2006,"Голем смотреть онлайн | RuFilm - Сериалы и фильмы онлайн","rufilmtv.club/films/golem-smotret-onlayn.html","http://rufilmtv.club/films/golem-smotret-onlayn.html"
2006,"Авто Плац Кимбар-Голем Избор На Поволни Автомобили - E ...","www.facebook.com/ivicakimovski","https://www.facebook.com/ivicakimovski/"
2006,"Голем фильм 2017 - bobfilm.online","bobfilm.online/1545-golem-film-2017-smotret...","https://bobfilm.online/1545-golem-film-2017-smotret-online-bobfilm-21-12-2017.html"
2006,"Голем - hdrezka.ag","hdrezka.ag/films/thriller/25704-golem-2016.html","http://hdrezka.ag/films/thriller/25704-golem-2016.html"
2006,"Голем смотреть онлайн в хорошем качестве","kinobar.cc","http://kinobar.cc/13062-golem-hd.html"
2007,"Pikachu (Pokemon) - Bulbapedia, the community-driven Pokemon ...","bulbapedia.bulbagarden.net/wiki/Pikachu_(Pokemon)","https://bulbapedia.bulbagarden.net/wiki/Pikachu_(Pok%c3%a9mon)"
2007,"Pikachu - Wikipedia","en.wikipedia.org/wiki/Pikachu","https://en.wikipedia.org/wiki/Pikachu"
2007,"Pikachu Pokedex: stats, moves, evolution, locations & other ...","www.pokemonpets.com/Pikachu-Pokemon-Pokedex-25","http://www.pokemonpets.com/Pikachu-Pokemon-Pokedex-25"
2007,"pikachu - YouTube","www.youtube.com/watch?v=sWJn5dydgQU","https://www.youtube.com/watch?v=sWJn5dydgQU"
2007,"Покемон (первый сезон) / Pokemon [1-276 из 276] » База №1 по ...","animevost.org/tip/tv/681-pokemon.html","http://animevost.org/tip/tv/681-pokemon.html"
2007,"Шахматы - Пикачу - 405 games - InstantChess.com","www.instantchess.com/?EC=3&EXP=1&FindPlUID=...","https://www.instantchess.com/?EC=3&EXP=1&FindPlUID=3774237&SUH=1"
2007,"Покемон смотреть онлайн - onlainfilm.me","onlainfilm.me/load/pokemon_smotret_onlajn/14-1-0-18417","http://onlainfilm.me/load/pokemon_smotret_onlajn/14-1-0-18417"
2007,"Смотреть аниме Покемон онлайн в хорошем качестве 720p","hdrezka.ag/animation/adventures/18291-pokemon-1997.html","http://hdrezka.ag/animation/adventures/18291-pokemon-1997.html"
2007,"Покемон 1 сезон 1-82 серия (1998) смотреть онлайн в HD 720 ...","tvserial-online.biz/multserialy/14047-pokemon-1-sezon...","http://tvserial-online.biz/multserialy/14047-pokemon-1-sezon-vse-serii-smotret-online-hd-720.html"
2007,"Покемон 20 сезон (2017) смотреть онлайн в хорошем качестве ...","cinema-24.online/18639-pokemon-18-02-2018.html","http://cinema-24.online/18639-pokemon-18-02-2018.html"
2007,"List of generation I Pokemon - Wikipedia","en.wikipedia.org/wiki/Raichu","https://en.wikipedia.org/wiki/Raichu"
2007,"НАШЕЛ ПИКУАЧУ И РАЙЧУ!! #3 ХОЛОСТЯК ВТОРОЙ СЕЗОН - MINECRAFT ...","ruclip.com/video/pBkEu0asVFI/нашел...","https://ruclip.com/video/pBkEu0asVFI/%D0%BD%D0%B0%D1%88%D0%B5%D0%BB-%D0%BF%D0%B8%D0%BA%D1%83%D0%B0%D1%87%D1%83-%D0%B8-%D1%80%D0%B0%D0%B9%D1%87%D1%83-3-%D1%85%D0%BE%D0%BB%D0%BE%D1%81%D1%82%D1%8F%D0%BA-%D0%B2%D1%82%D0%BE%D1%80%D0%BE%D0%B9-%D1%81%D0%B5%D0%B7%D0%BE%D0%BD-minecraft-%D0%BC%D0%B0%D0%B9%D0%BD%D0%BA%D1%80%D0%B0%D1%84%D1%82.html"
2007,"это... Что такое Пикачу? - dic.academic.ru","dic.academic.ru","https://dic.academic.ru/dic.nsf/ruwiki/302746"
2007,"Стадион Вермилиона - drakonx20002000.rolka.su","drakonx20002000.rolka.su/viewtopic.php?id=7","http://drakonx20002000.rolka.su/viewtopic.php?id=7"
2007,"Стадион Волокнера - rolevayapopokemonam.rolka.su","rolevayapopokemonam.rolka.su/viewtopic.php?id=134","http://rolevayapopokemonam.rolka.su/viewtopic.php?id=134"
2007,"Стадион Вермилиона - pokemonsd.rolka.su","pokemonsd.rolka.su/viewtopic.php?id=50","http://pokemonsd.rolka.su/viewtopic.php?id=50"
2007,"Стадион города Вермилион","poke2010.rolka.su/viewtopic.php?id=32","http://poke2010.rolka.su/viewtopic.php?id=32"
2007,"Инди — Lurkmore","lurkmore.to/Инди","http://lurkmore.to/%d0%98%d0%bd%d0%b4%d0%b8"
2007,"Ник Черников - Песня Задрота - YouTube","www.youtube.com/watch?src_vid=tFYAC2YuDv0&v=-5Xn...","https://www.youtube.com/watch?src_vid=tFYAC2YuDv0&v=-5Xn29PgxYo"
2007,"POKEMON!!! | Пластилиновые мультфильмы и комиксы","plast.me/handmade/570-pokemon.html","http://plast.me/handmade/570-pokemon.html"
2007,"Голем (2016) смотреть фильм онлайн в хорошем качестве","goodfilm.top/movies/1188-golem-smotret-online","http://goodfilm.top/movies/1188-golem-smotret-online/"
2007,"Голем (2016) смотреть онлайн в хорошем качестве","ofx.xyz/yjasu/16963-golem-the-limehouse-golem...","https://ofx.xyz/yjasu/16963-golem-the-limehouse-golem-2016-hd.html"
2007,"Голем (фильм 2017) на Filmix смотреть онлайн бесплатно в ...","filmix-net.online/board/novinki/golem_20hhhh16_99w/1-1-0-105","http://filmix-net.online/board/novinki/golem_20hhhh16_99w/1-1-0-105"
2007,"Голем (2017) смотреть онлайн - kinogb.cc","kinogb.cc","https://kinogb.cc/7118/"
2007,"Golem - Wikipedia","en.wikipedia.org/wiki/Golem","https://en.wikipedia.org/wiki/Golem"
2007,"Голем (2017) - filmtor.net","filmtor.net","http://filmtor.net/11530-golem-2017.html"
2007,"Голем фильм 2017 - bobfilm.online","bobfilm.online/1545-golem-film-2017-smotret...","https://bobfilm.online/1545-golem-film-2017-smotret-online-bobfilm-21-12-2017.html"
2007,"Голем - hdrezka.ag","hdrezka.ag/films/thriller/25704-golem-2016.html","http://hdrezka.ag/films/thriller/25704-golem-2016.html"
2007,"Голем смотреть онлайн | RuFilm - Сериалы и фильмы онлайн","rufilmtv.club/films/golem-smotret-onlayn.html","http://rufilmtv.club/films/golem-smotret-onlayn.html"
2007,"Голем смотреть онлайн - kinokot.co","kinokot.co","https://kinokot.co/545/golem-2017/"
2008,"Pikachu (Pokemon) - Bulbapedia, the community-driven Pokemon ...","bulbapedia.bulbagarden.net/wiki/Pikachu_(Pokemon)","https://bulbapedia.bulbagarden.net/wiki/Pikachu_(Pok%c3%a9mon)"
2008,"Pikachu - Wikipedia","en.wikipedia.org/wiki/Pikachu","https://en.wikipedia.org/wiki/Pikachu"
2008,"Онлайн игры бродилки пикачу | hynavdiaonlineigri","hynavdiaonlineigri.wordpress.com/2008/08/25/...","https://hynavdiaonlineigri.wordpress.com/2008/08/25/onlajn-igry-brodilki-pikachu/"
2008,"Game Pikachu - Choi game pikachu online mi<U+1EC5>n phi","gamepikachu.com","http://gamepikachu.com/"
2008,"Pikachu Pokedex: stats, moves, evolution, locations & other ...","www.pokemonpets.com/Pikachu-Pokemon-Pokedex-25","http://www.pokemonpets.com/Pikachu-Pokemon-Pokedex-25"
2008,"пикачу (@musty1488) | Twitter","twitter.com/musty1488","https://twitter.com/musty1488"
2008,"Покемон: Я выбираю тебя! , Pokemon: Kimi ni Kimeta! , Pokemon ...","anistar.me/6520-gekijouban-pocket-monsters-kimi...","https://anistar.me/6520-gekijouban-pocket-monsters-kimi-ni-kimeta-pokemon-the-movie-20-i-choose-you-pokemon-ya-vybirayu-tebya.html"
2008,"Светодиод в кнопку ""аварийки"" — logbook Hyundai Verna желтая ...","www.drive2.com/l/288230376152193602","https://www.drive2.com/l/288230376152193602/"
2008,"Талисман олимпийских игр 2008. Обзор Пикачу и Лунтик. | Claw ...","www.youtube.com/watch?v=84P5qlhP-A4","https://www.youtube.com/watch?v=84P5qlhP-A4"
2008,"пикачу в нашей жизни - Любимые герои аниме","sites.google.com/site/lubimyegeroianime/cto...","https://sites.google.com/site/lubimyegeroianime/cto-takoe-anime-i-kak-ono-vozniklo/pikacu-v-nasej-zizni"
2008,"НАШЕЛ ПИКУАЧУ И РАЙЧУ!! #3 #2 ХОЛОСТЯК ВТОРОЙ СЕЗОН ...","minecraftvideo.tv/video/6685/нашел...","https://minecraftvideo.tv/video/6685/%D0%BD%D0%B0%D1%88%D0%B5%D0%BB-%D0%BF%D0%B8%D0%BA%D1%83%D0%B0%D1%87%D1%83-%D0%B8-%D1%80%D0%B0%D0%B9%D1%87%D1%83-3-2-%D1%85%D0%BE%D0%BB%D0%BE%D1%81%D1%82%D1%8F%D0%BA-%D0%B2%D1%82%D0%BE%D1%80%D0%BE%D0%B9-%D1%81%D0%B5%D0%B7%D0%BE%D0%BD-minecraft-%D0%BC%D0%B0%D0%B9%D0%BD%D0%BA%D1%80%D0%B0%D1%84%D1%82"
2008,"как пикачу победил райчу - zcode.tk","www.zcode.tk/forum15142-kak-pikachu-pobedil-raychu.html","http://www.zcode.tk/forum15142-kak-pikachu-pobedil-raychu.html"
2008,"List of generation I Pokemon - Wikipedia","en.wikipedia.org/wiki/Raichu","https://en.wikipedia.org/wiki/Raichu"
2008,"Раскраска Райчу | Раскраски для детей печать онлайн","www.supercoloring.com","http://www.supercoloring.com/ru/raskraski/raychu"
2008,"Райчу / Raichu из игры и аниме Покемон: Солнце и луна ...","animation.99px.ru/animations/22445","https://animation.99px.ru/animations/22445/"
2008,"как выглядит райчу из покемонов","www.anonymizer.ml/news11501-kak-vyglyadit-raychu-iz...","http://www.anonymizer.ml/news11501-kak-vyglyadit-raychu-iz-pokemonov.html"
2008,"это... Что такое Пикачу? - dic.academic.ru","dic.academic.ru","https://dic.academic.ru/dic.nsf/ruwiki/302746"
2008,"Бай Дафо Трендафилов. Кехая, наша доржево. Dafo Trendafilov ...","www.youtube.com/watch?v=_bRCZ1CMwKk","https://www.youtube.com/watch?v=_bRCZ1CMwKk"
2008,"Райчу - Покемон! - Hip-Hop.Ru","www.hip-hop.ru/forum/raichu-pokemon-320271","https://www.hip-hop.ru/forum/raichu-pokemon-320271/"
2008,"Валентина Райчу - 38 лет на Мой Мир@Mail.ru","my.mail.ru/mail/valia_ray4u","https://my.mail.ru/mail/valia_ray4u/"
2008,"Голем (2016) смотреть онлайн в хорошем качества HD 720p","kino-max.cc/4799-golem.html","http://kino-max.cc/4799-golem.html"
2008,"Golem - Wikipedia","en.wikipedia.org/wiki/Golem","https://en.wikipedia.org/wiki/Golem"
2008,"Голем (2016) смотреть онлайн в хорошем качестве","ofx.xyz/yjasu/16963-golem-the-limehouse-golem...","https://ofx.xyz/yjasu/16963-golem-the-limehouse-golem-2016-hd.html"
2008,"Голем (2016) - смотреть онлайн","my-hit.org/film/419584","https://my-hit.org/film/419584/"
2008,"Голем фильм 2016 смотреть онлайн","hdrezke.net","http://hdrezke.net/trillery/2894-golem-29-12-2017.html"
2008,"Голем (фильм 2017) на Filmix смотреть онлайн бесплатно в ...","filmix-net.online/board/novinki/golem_20hhhh16_99w/1-1-0-105","http://filmix-net.online/board/novinki/golem_20hhhh16_99w/1-1-0-105"
2008,"Голем - hdrezka.ag","hdrezka.ag/films/thriller/25704-golem-2016.html","http://hdrezka.ag/films/thriller/25704-golem-2016.html"
2008,"Голем (2016) смотреть онлайн бесплатно в хорошем качестве HD ...","hdfilms.tv","http://hdfilms.tv/news/golem_2016/2017-11-12-10020"
2008,"Голем смотреть онлайн | RuFilm - Сериалы и фильмы онлайн","rufilmtv.club/films/golem-smotret-onlayn.html","http://rufilmtv.club/films/golem-smotret-onlayn.html"
2008,"Голем (2017) - filmtor.net","filmtor.net","http://filmtor.net/11530-golem-2017.html"
2009,"игра пикачу онлайн | My Blog","niadverlenstec1604.wordpress.com/2009/01/09/igra...","https://niadverlenstec1604.wordpress.com/2009/01/09/igra-pikachu-onlajn/"
2009,"Pikachu (Pokemon) - Bulbapedia, the community-driven Pokemon ...","bulbapedia.bulbagarden.net/wiki/Pikachu_(Pokemon)","https://bulbapedia.bulbagarden.net/wiki/Pikachu_(Pok%c3%a9mon)"
2009,"Смотреть аниме Покемон онлайн в хорошем качестве 720p","hdrezka.ag/animation/adventures/18291-pokemon-1997.html","http://hdrezka.ag/animation/adventures/18291-pokemon-1997.html"
2009,"Покемон 14 сезон 1-50 серия (2011) смотреть онлайн в HD 720 ...","tvserial-online.biz/multserialy/14060-pokemon-14-sezon...","http://tvserial-online.biz/multserialy/14060-pokemon-14-sezon-vse-serii-smotret-online-hd-720.html"
2009,"Покемон: Фильм #20 - Я выбираю тебя (закадровый, 2017 ...","kapec.tv/a/ka/10113-pokemon-film-20-ya-vybirayu-tebya...","http://kapec.tv/a/ka/10113-pokemon-film-20-ya-vybirayu-tebya-2017-smotret-onlayn-v-vysokom-kachestve-720-hd.html"
2009,"The Pikachu Song - YouTube","www.youtube.com/watch?v=sSMNKQl5DYo","https://www.youtube.com/watch?v=sSMNKQl5DYo"
2009,"пикачу игры онлайн | My Blog","mopacilligh1057.wordpress.com/2010/02/18/pikachu...","https://mopacilligh1057.wordpress.com/2010/02/18/pikachu-igry-onlajn/"
2009,"Pikachu - Wikipedia","en.wikipedia.org/wiki/Pikachu","https://en.wikipedia.org/wiki/Pikachu"
2009,"Шахматы - Пикачу - 405 games - InstantChess.com","www.instantchess.com/?EC=3&EXP=1&FindPlUID=...","https://www.instantchess.com/?EC=3&EXP=1&FindPlUID=3774237&SUH=1"
2009,"Покемон: фильмы (полнометражные) - смотреть онлайн мультфильм ...","onlinemultfilmy.ru/pokemon-filmy-polnometrazhnye","http://onlinemultfilmy.ru/pokemon-filmy-polnometrazhnye/"
2009,"Бой ! Пикачу или райчу. #3 (XПокемоныX) - YouTube","www.youtube.com/watch?v=lkOvLIGEzSU","https://www.youtube.com/watch?v=lkOvLIGEzSU"
2009,"Девачка Райчу - beon.ru","beon.ru/users/ZAQWSXCDE123","http://beon.ru/users/ZAQWSXCDE123/"
2009,"Покемон #026 Райчу(Информация) - Покедекс Black/White","poke-universe.ru/dex/bw/026.html","http://poke-universe.ru/dex/bw/026.html"
2009,"List of generation I Pokemon - Wikipedia","en.wikipedia.org/wiki/Raichu","https://en.wikipedia.org/wiki/Raichu"
2009,"покемон центр - anna79.beon.ru","anna79.beon.ru/8643-580-pokemon-centr.zhtml","http://anna79.beon.ru/8643-580-pokemon-centr.zhtml"
2009,"Райчу (15 серия) Покемоны Minecraft Pixelmon - YouTube","www.youtube.com/watch?v=Tng5gWT25EA","https://www.youtube.com/watch?v=Tng5gWT25EA"
2009,"HappyTown - LeTSPLaySHiK НАШЕЛ ПИКУАЧУ И РАЙЧУ!! 3 2 ХОЛОСТЯК ...","go2kino.ru/poisk/HappyTown+-+LeTSPLaySHiK...","https://go2kino.ru/poisk/HappyTown+-+LeTSPLaySHiK+%D0%9D%D0%90%D0%A8%D0%95%D0%9B+%D0%9F%D0%98%D0%9A%D0%A3%D0%90%D0%A7%D0%A3+%D0%98+%D0%A0%D0%90%D0%99%D0%A7%D0%A3%21%21+3+2+%D0%A5%D0%9E%D0%9B%D0%9E%D0%A1%D0%A2%D0%AF%D0%9A+%D0%92%D0%A2%D0%9E%D0%A0%D0%9E%D0%99+%D0%A1%D0%95%D0%97%D0%9E%D0%9D+-+MINECRAFT+/+%D0%9C%D0%90%D0%99%D0%9D%D0%9A%D0%A0%D0%90%D0%A4%D0%A2"
2009,"кто сильнее пикачу или райчу ? | ПОКЕМОН АЛМАЗ И ЖЕМЧУГ ! | VK","vk.com/topic-7771579_16599821","http://vk.com/topic-7771579_16599821"
2009,"Райчу - Покемон! - Hip-Hop.Ru","www.hip-hop.ru/forum/raichu-pokemon-320271","https://www.hip-hop.ru/forum/raichu-pokemon-320271/"
2009,"Пикачу срещу Райчу - Бг Аудио - Hq - Vbox7","www.vbox7.com/play:4315e6d3","https://www.vbox7.com/play:4315e6d3"
2009,"Скачать Густав Майринк - Голем 2009 - torrentino.top ...","torrentino.top/torrent/552473","https://torrentino.top/torrent/552473"
2009,"Голем (2016) смотреть онлайн в хорошем качества HD 720p","kino-max.cc/4799-golem.html","http://kino-max.cc/4799-golem.html"
2009,"Golem - Wikipedia","en.wikipedia.org/wiki/Golem","https://en.wikipedia.org/wiki/Golem"
2009,"Голем 2016 скачать фильм бесплатно в хорошем качестве ...","torrentino.top/movie/916315-limehouse-golem","https://torrentino.top/movie/916315-limehouse-golem"
2009,"Голем (Густав Майринк) [2009, Мистика, роман, аудиоспектакль ...","myklad.org/5/1/19/golem-gustav-majrink-2009...","https://myklad.org/5/1/19/golem-gustav-majrink-2009-mistika-roman-audiospektakl-mp3-192kbps.html"
2009,"Голем (фильм 2017) на Filmix смотреть онлайн бесплатно в ...","filmix-net.online/board/novinki/golem_20hhhh16_99w/1-1-0-105","http://filmix-net.online/board/novinki/golem_20hhhh16_99w/1-1-0-105"
2009,"Голем (2016) смотреть онлайн в хорошем качестве","ofx.xyz/yjasu/16963-golem-the-limehouse-golem...","https://ofx.xyz/yjasu/16963-golem-the-limehouse-golem-2016-hd.html"
2009,"Голем (2017) - kinobaks.net","kinobaks.net","http://kinobaks.net/2779-golem-2017-30-10.html"
2009,"Голем (2017) смотреть онлайн - kinogb.cc","kinogb.cc","https://kinogb.cc/7118/"
2009,"Фильм Голем (The Limehouse Golem) - megogo.net","megogo.net/ru/view/2888411","http://megogo.net/ru/view/2888411-golem.html"
2010,"бесплатные онлайн игры пикачу | My Blog","niadverlenstec1604.wordpress.com/2010/08/09/be...","https://niadverlenstec1604.wordpress.com/2010/08/09/besplatnye-onlajn-igry-pikachu/"
2010,"Pikachu | Pokedex","www.pokemon.com/us/pokedex/pikachu","https://www.pokemon.com/us/pokedex/pikachu"
2010,"пикачу игры онлайн | My Blog","mopacilligh1057.wordpress.com/2010/02/18/pikachu...","https://mopacilligh1057.wordpress.com/2010/02/18/pikachu-igry-onlajn/"
2010,"играть онлайн игры пикачу | My Blog","mopacilligh1057.wordpress.com/2010/03/02/igrat...","https://mopacilligh1057.wordpress.com/2010/03/02/igrat-onlajn-igry-pikachu/"
2010,"Pikachu - Wikipedia","en.wikipedia.org/wiki/Pikachu","https://en.wikipedia.org/wiki/Pikachu"
2010,"Покемон. Апокалипсис 2010 - fan-cinema.com","fan-cinema.com/movie/id586273_pokemon...","https://fan-cinema.com/movie/id586273_pokemon_apokalipsis_pokemon_apokelypse"
2010,"Pikachu (Pokemon) - Bulbapedia, the community-driven Pokemon ...","bulbapedia.bulbagarden.net/wiki/Pikachu_(Pokemon)","https://bulbapedia.bulbagarden.net/wiki/Pikachu_(Pok%c3%a9mon)"
2010,"Футболки с пикачу на заказ | Стильная майка","vpsbqpi.wordpress.com/2010/10/26/futbolki-s...","https://vpsbqpi.wordpress.com/2010/10/26/futbolki-s-pikachu-na-zakaz/"
2010,"пикачу играть онлайн бесплатно | My Blog","toughtemcoram1850.wordpress.com/2010/11/05/...","https://toughtemcoram1850.wordpress.com/2010/11/05/pikachu-igrat-onlajn-besplatno/"
2010,"Game Pikachu - Choi game pikachu online mi<U+1EC5>n phi","gamepikachu.com","http://gamepikachu.com/"
2010,"Райчу — Википедия","ru.m.wikipedia.org/wiki/Райчу","https://ru.m.wikipedia.org/wiki/%D0%A0%D0%B0%D0%B9%D1%87%D1%83"
2010,"Ник Черников - Пикачу и Райчу, аккорды, текст, mp3, видео","mychords.net/chernyakov_n/85368-nik-ernikov...","https://mychords.net/chernyakov_n/85368-nik-ernikov-pikachu-i-rajchu.html"
2010,"Стадион города Вермилион","poke2010.rolka.su/viewtopic.php?id=32","http://poke2010.rolka.su/viewtopic.php?id=32"
2010,"List of generation I Pokemon - Wikipedia","en.wikipedia.org/wiki/Raichu","https://en.wikipedia.org/wiki/Raichu"
2010,"это... Что такое Пикачу? - dic.academic.ru","dic.academic.ru","https://dic.academic.ru/dic.nsf/ruwiki/302746"
2010,"Pokemon.com online games - Bulbapedia, the community-driven ...","bulbapedia.bulbagarden.net/wiki/Pokemon.com...","https://bulbapedia.bulbagarden.net/wiki/Pok%C3%A9mon.com_online_games"
2010,"как пикачу победил райчу - zcode.tk","www.zcode.tk/forum15142-kak-pikachu-pobedil-raychu.html","http://www.zcode.tk/forum15142-kak-pikachu-pobedil-raychu.html"
2010,"Райчу - Покемон! - Hip-Hop.Ru","www.hip-hop.ru/forum/raichu-pokemon-320271","https://www.hip-hop.ru/forum/raichu-pokemon-320271/"
2010,"Покемон Райчу из пластилина: пошаговый мастер-класс с фото","www.chudopredki.ru","https://www.chudopredki.ru/9781-pokemon-raychu-iz-plastilina.html"
2010,"POKEMON!!! | Пластилиновые мультфильмы и комиксы","plast.me/handmade/570-pokemon.html","http://plast.me/handmade/570-pokemon.html"
2010,"Golem - Wikipedia","en.wikipedia.org/wiki/Golem","https://en.wikipedia.org/wiki/Golem"
2010,"Голем (2016) смотреть онлайн в хорошем качества HD 720p","kino-max.cc/4799-golem.html","http://kino-max.cc/4799-golem.html"
2010,"Голем - YouTube","www.youtube.com/watch?v=Urs50GxBGN8","https://www.youtube.com/watch?v=Urs50GxBGN8"
2010,"Голем (2016) смотреть онлайн в хорошем качестве","ofx.xyz/yjasu/16963-golem-the-limehouse-golem...","https://ofx.xyz/yjasu/16963-golem-the-limehouse-golem-2016-hd.html"
2010,"Голем (2016) киного смотреть онлайн в хорошем качестве","kinogo-net-2017.co/4691-golem-2016-onl.html","http://kinogo-net-2017.co/4691-golem-2016-onl.html"
2010,"Голем (2016) смотреть онлайн hd 720 бесплатно","kinoserv.net/7630-golem-2016.html","http://kinoserv.net/7630-golem-2016.html"
2010,"Голем (2016). Смотреть онлайн бесплатно","kino50.com/filmy-online/m/85316","http://kino50.com/filmy-online/m/85316"
2010,"Голем смотреть онлайн | RuFilm - Сериалы и фильмы онлайн","rufilmtv.club/films/golem-smotret-onlayn.html","http://rufilmtv.club/films/golem-smotret-onlayn.html"
2010,"Голем (2017) - kinobaks.net","kinobaks.net","http://kinobaks.net/2779-golem-2017-30-10.html"
2010,"Голем фильм 2017 - bobfilm.online","bobfilm.online/1545-golem-film-2017-smotret...","https://bobfilm.online/1545-golem-film-2017-smotret-online-bobfilm-21-12-2017.html"
